,_units,_units,_units,_hour,_hour,_hour,_dow,_dow,_dow
,mean,median,count,mean,median,count,mean,median,count
_cluster,,,,,,,,,
0,1.2336769759450172,1.0,873,13.168384879725085,14.0,873,0.9828178694158075,1.0,873
1,3.3679245283018866,3.0,212,13.471698113207546,14.0,212,2.8867924528301887,3.0,212
2,1.2264509990485253,1.0,1051,13.373929590865842,14.0,1051,4.456707897240723,4.0,1051
3,1.263157894736842,1.0,19,18.05263157894737,21.0,19,3.4210526315789473,5.0,19
